serializer,model,alpha,Recall@1,nDCG@1,Recall@5,nDCG@5,Recall@10,nDCG@10,Hit@1,MRR
header_path,bge_large_en_v1_5,0.0,0.48354278874925194,0.48354278874925194,0.8503889886295631,0.6912810743961572,0.9090365050867744,0.7101417499852858,0.48354278874925194,0.6448842533223142
header_path,bge_large_en_v1_5,0.2,0.4637941352483543,0.4637941352483543,0.8491921005385996,0.6825583205537938,0.9084380610412927,0.7016955200864611,0.4637941352483543,0.6337085482507385
header_path,bge_large_en_v1_5,0.4,0.4578096947935368,0.4578096947935368,0.8497905445840814,0.6794164812959742,0.9090365050867744,0.6985917515432415,0.4578096947935368,0.6293990386898825
header_path,bge_large_en_v1_5,0.6,0.45840813883901854,0.45840813883901854,0.8497905445840814,0.6784790267377049,0.9096349491322562,0.6978654122522865,0.45840813883901854,0.6283294386974818
header_path,bge_large_en_v1_5,0.8,0.4566128067025733,0.4566128067025733,0.8491921005385996,0.6776310177764172,0.9084380610412927,0.6969836959794967,0.4566128067025733,0.6274419841744797
header_path,bge_large_en_v1_5,1.0,0.4554159186116098,0.4554159186116098,0.8485936564931179,0.6768687762357414,0.9078396169958108,0.6962890682566588,0.4554159186116098,0.6266708937714324
json_kv,bge_large_en_v1_5,0.0,0.5589467384799521,0.5589467384799521,0.770197486535009,0.6732736514291494,0.8300418910831837,0.6927505707173666,0.5589467384799521,0.648984069989456
plain_markdown,bge_large_en_v1_5,0.0,0.6092160383004189,0.6092160383004189,0.822262118491921,0.7281955611640704,0.8821065230400957,0.7476477346303406,0.6092160383004189,0.704484293218584
