{
  "n": 1671,
  "serializer": "plain_markdown",
  "methods": {
    "bm25": {
      "name": "bm25",
      "metrics": {
        "R@1": {
          "mean": 0.20466786355475763,
          "lo": 0.18611609814482347,
          "hi": 0.22381807301017353
        },
        "R@5": {
          "mean": 0.38659485338120886,
          "lo": 0.3608617594254937,
          "hi": 0.40933572710951527
        },
        "R@10": {
          "mean": 0.46199880311190905,
          "lo": 0.4374625972471574,
          "hi": 0.48533812088569717
        },
        "MRR": 0.2820103445327862,
        "latency_ms_per_q": 2.4798485706267708
      }
    },
    "vector": {
      "name": "vector",
      "metrics": {
        "R@1": {
          "mean": 0.6092160383004189,
          "lo": 0.5858767205266308,
          "hi": 0.6331538001196888
        },
        "R@5": {
          "mean": 0.822262118491921,
          "lo": 0.8025134649910234,
          "hi": 0.8396169958108917
        },
        "R@10": {
          "mean": 0.8821065230400957,
          "lo": 0.8659485338120886,
          "hi": 0.8970676241771395
        },
        "MRR": 0.704484293218584,
        "latency_ms_per_q": 738.1210586826363
      }
    },
    "verifier_rerank_w0.2": {
      "name": "verifier_rerank_w0.2",
      "metrics": {
        "R@1": {
          "mean": 0.713345302214243,
          "lo": 0.6918013165769,
          "hi": 0.7354877318970676
        },
        "R@5": {
          "mean": 0.8539796529024536,
          "lo": 0.8354278874925194,
          "hi": 0.8701376421304609
        },
        "R@10": {
          "mean": 0.8821065230400957,
          "lo": 0.8659485338120886,
          "hi": 0.8970676241771395
        },
        "MRR": 0.7744255412118967,
        "latency_ms_per_q": 34.50714150707854
      }
    },
    "ce_rerank": {
      "name": "ce_rerank",
      "metrics": {
        "R@1": {
          "mean": 0.6080191502094554,
          "lo": 0.5846798324356672,
          "hi": 0.63016157989228
        },
        "R@5": {
          "mean": 0.8204667863554758,
          "lo": 0.8019150209455416,
          "hi": 0.8384201077199281
        },
        "R@10": {
          "mean": 0.8821065230400957,
          "lo": 0.8659485338120886,
          "hi": 0.8970676241771395
        },
        "MRR": 0.7014084808070444,
        "latency_ms_per_q": 3700.0449354387483
      }
    }
  }
}