serializer,mean,median,min,max,std,sub_doc_mean,sub_doc_median,sub_doc_min,sub_doc_max
plain_markdown,689.4481481481481,554.5,78,5464,538.66703717697,,,,
json_kv,723.7240740740741,541.0,53,6419,668.7142110700995,,,,
header_path,1530.0111111111112,1282.0,125,10850,1196.6034012472735,65.54589448631495,56.0,4.0,903.0
