{
  "experiment1_multi_embedder": {
    "bge-small": {
      "R@1": 0.6768,
      "R@3": 0.8187,
      "R@5": 0.8528,
      "R@10": 0.9072,
      "MRR": 0.7608,
      "time_sec": 57.7
    },
    "bge-base": {
      "R@1": 0.7127,
      "R@3": 0.86,
      "R@5": 0.9025,
      "R@10": 0.9324,
      "MRR": 0.7964,
      "time_sec": 172.3
    },
    "e5-small": {
      "R@1": 0.6858,
      "R@3": 0.8378,
      "R@5": 0.8833,
      "R@10": 0.9258,
      "MRR": 0.7746,
      "time_sec": 56.5
    }
  },
  "experiment2_stratified": {
    "bge-small_simple": {
      "R@1": 0.7391304347826086,
      "R@3": 0.855072463768116,
      "R@5": 0.855072463768116,
      "R@10": 0.9420289855072463,
      "MRR": 0.809007410605876,
      "n_queries": 69
    },
    "bge-small_moderate": {
      "R@1": 0.7764705882352941,
      "R@3": 0.9137254901960784,
      "R@5": 0.9333333333333333,
      "R@10": 0.9529411764705882,
      "MRR": 0.8472066942284003,
      "n_queries": 255
    },
    "bge-small_complex": {
      "R@1": 0.6547884187082406,
      "R@3": 0.7988121752041574,
      "R@5": 0.8374164810690423,
      "R@10": 0.896807720861173,
      "MRR": 0.7419940648897276,
      "n_queries": 1347
    },
    "bge-base_simple": {
      "R@1": 0.8405797101449275,
      "R@3": 0.927536231884058,
      "R@5": 0.9420289855072463,
      "R@10": 0.9565217391304348,
      "MRR": 0.8888058339556917,
      "n_queries": 69
    },
    "bge-base_moderate": {
      "R@1": 0.7607843137254902,
      "R@3": 0.9058823529411765,
      "R@5": 0.9372549019607843,
      "R@10": 0.9568627450980393,
      "MRR": 0.8383567606163591,
      "n_queries": 255
    },
    "bge-base_complex": {
      "R@1": 0.6971046770601337,
      "R@3": 0.8478099480326652,
      "R@5": 0.8938381588715665,
      "R@10": 0.9265033407572383,
      "MRR": 0.783688319851183,
      "n_queries": 1347
    },
    "e5-small_simple": {
      "R@1": 0.7971014492753623,
      "R@3": 0.9130434782608695,
      "R@5": 0.9565217391304348,
      "R@10": 0.9710144927536232,
      "MRR": 0.8660068594851204,
      "n_queries": 69
    },
    "e5-small_moderate": {
      "R@1": 0.7647058823529411,
      "R@3": 0.9019607843137255,
      "R@5": 0.9333333333333333,
      "R@10": 0.9607843137254902,
      "MRR": 0.838929396682414,
      "n_queries": 255
    },
    "e5-small_complex": {
      "R@1": 0.6651818856718634,
      "R@3": 0.821826280623608,
      "R@5": 0.8700816629547142,
      "R@10": 0.9168522642910171,
      "MRR": 0.7577253265181029,
      "n_queries": 1347
    }
  },
  "experiment4_failure_analysis": {
    "total_qas": 1671,
    "total_failures": 540,
    "failure_rate_pct": 32.3,
    "hier_ref_in_failures": 428,
    "hier_ref_pct": 79.3,
    "fail_by_group": {
      "simple": 18,
      "moderate": 57,
      "complex": 465
    },
    "total_by_group": {
      "simple": 69,
      "moderate": 255,
      "complex": 1347
    },
    "failure_rate_by_group": {
      "simple": 26.1,
      "moderate": 22.4,
      "complex": 34.5
    }
  },
  "total_time_sec": 400.4
}