{
  "config": {
    "n_tables": 100,
    "n_queries": 289,
    "seed": 42,
    "model": "BAAI/bge-small-en-v1.5",
    "ks": [
      1,
      3,
      5,
      10
    ]
  },
  "table_ids": [
    "1640",
    "1107",
    "288_totto33063-2",
    "259_totto29222-0",
    "246_totto27940-4",
    "187_totto22190-4",
    "1614",
    "153_72_tab5",
    "51_totto5851-3",
    "1130",
    "1126",
    "1573",
    "2438",
    "2549",
    "891",
    "110_55_fs17-ib-19314-tab005",
    "2311",
    "510_totto58432-4",
    "2462",
    "578",
    "294_totto33628-0",
    "102_totto12065-2",
    "2003",
    "990",
    "401_totto46394-1",
    "900",
    "1965",
    "2410",
    "380_totto44033-3",
    "1304",
    "1285",
    "2211",
    "129_62_np16-ib-19308-tab003",
    "2104",
    "520_totto59588-2",
    "2073",
    "321_totto36660-3",
    "1804",
    "493_totto56244-4",
    "10_totto1112-0",
    "439_totto50603-2",
    "2498",
    "2796",
    "1403",
    "595_totto68666-4",
    "2201",
    "122_totto14393-2",
    "289",
    "190_totto22659-4",
    "504",
    "344_totto39077-2",
    "336_totto38134-0",
    "56_totto6342-2",
    "540_totto61859-2",
    "2123",
    "305_totto34976-2",
    "15_totto1909-1",
    "413_totto47817-2",
    "115_totto13337-1",
    "1103",
    "370",
    "164_81_tab3",
    "473_totto54049-2",
    "190_89_tab3",
    "68_totto7742-0",
    "534_totto61144-0",
    "168",
    "547",
    "129_totto15715-2",
    "81_totto9275-1",
    "999",
    "247_totto28047-3",
    "347_totto39337-2",
    "509_totto58275-2",
    "212_totto24727-3",
    "1504",
    "217_totto25223-1",
    "2083",
    "161_totto19211-2",
    "380",
    "1818",
    "411_totto47644-1",
    "403_totto46695-3",
    "358_totto40711-2",
    "117_totto13514-1",
    "325_totto37031-0",
    "588_totto67517-0",
    "1520",
    "2793",
    "742",
    "1725",
    "584_totto67155-3",
    "252_totto28558-1",
    "593_totto68418-4",
    "1831",
    "352_totto39893-0",
    "407",
    "295_totto33819-1",
    "163_81_tab2",
    "405_totto46939-3"
  ],
  "results_per_format": {
    "markdown": {
      "R@1": 0.7612456747404844,
      "R@3": 0.916955017301038,
      "R@5": 0.9446366782006921,
      "R@10": 0.972318339100346,
      "MRR": 0.8449078752038656,
      "avg_chars": 1819.8,
      "embed_time_sec": 8.36
    },
    "html": {
      "R@1": 0.657439446366782,
      "R@3": 0.8581314878892734,
      "R@5": 0.8996539792387543,
      "R@10": 0.9619377162629758,
      "MRR": 0.7711464995980567,
      "avg_chars": 3519.9,
      "embed_time_sec": 9.21
    },
    "csv": {
      "R@1": 0.7681660899653979,
      "R@3": 0.903114186851211,
      "R@5": 0.9446366782006921,
      "R@10": 0.972318339100346,
      "MRR": 0.8450174632257745,
      "avg_chars": 1036.7,
      "embed_time_sec": 7.97
    },
    "json": {
      "R@1": 0.6851211072664359,
      "R@3": 0.8650519031141869,
      "R@5": 0.916955017301038,
      "R@10": 0.9515570934256056,
      "MRR": 0.7851155274507647,
      "avg_chars": 5528.1,
      "embed_time_sec": 9.31
    },
    "natural_language": {
      "R@1": 0.7370242214532872,
      "R@3": 0.8858131487889274,
      "R@5": 0.9273356401384083,
      "R@10": 0.9619377162629758,
      "MRR": 0.8188162871652362,
      "avg_chars": 8260.3,
      "embed_time_sec": 9.26
    },
    "breadcrumb": {
      "R@1": 0.7024221453287197,
      "R@3": 0.8927335640138409,
      "R@5": 0.9307958477508651,
      "R@10": 0.9515570934256056,
      "MRR": 0.8058890256574702,
      "avg_chars": 9844.0,
      "embed_time_sec": 9.39
    }
  }
}