{
  "dataset": "flat",
  "split": "test",
  "n_queries": 2000,
  "n_corpus": 24680,
  "model": "BAAI/bge-small-en-v1.5",
  "metrics": {
    "C0": {
      "R@1": 0.259,
      "R@5": 0.4275,
      "R@10": 0.5175,
      "MRR": 0.33860209824575144,
      "nDCG@10": 0.3758240191470744
    },
    "C1": {
      "R@1": 0.8575,
      "R@5": 0.9715,
      "R@10": 0.987,
      "MRR": 0.9088393765440785,
      "nDCG@10": 0.9279565492426799
    },
    "C2": {
      "R@1": 0.864,
      "R@5": 0.972,
      "R@10": 0.987,
      "MRR": 0.9119842252411331,
      "nDCG@10": 0.9303184452017969
    }
  },
  "bootstrap_vs_C0": {
    "C1-C0": {
      "delta": 0.5985,
      "ci95": [
        0.577,
        0.6215
      ],
      "sig": true
    },
    "C2-C0": {
      "delta": 0.605,
      "ci95": [
        0.583,
        0.628
      ],
      "sig": true
    }
  }
}