{
  "dataset": "hier",
  "split": "dev",
  "n_queries": 1671,
  "n_corpus": 3597,
  "model": "BAAI/bge-small-en-v1.5",
  "metrics": {
    "C0": {
      "R@1": 0.17713943746259725,
      "R@5": 0.3692399760622382,
      "R@10": 0.4524236983842011,
      "MRR": 0.26341531386796824,
      "nDCG@10": 0.30396536828420945
    },
    "C1": {
      "R@1": 0.35547576301615796,
      "R@5": 0.6481149012567325,
      "R@10": 0.7271095152603232,
      "MRR": 0.4844071399202825,
      "nDCG@10": 0.5398772240500704
    },
    "C2": {
      "R@1": 0.3734290843806104,
      "R@5": 0.6660682226211849,
      "R@10": 0.7384799521244764,
      "MRR": 0.49834533181451934,
      "nDCG@10": 0.553529171926556
    }
  },
  "bootstrap_vs_C0": {
    "C1-C0": {
      "delta": 0.17833632555356074,
      "ci95": [
        0.1549970077797726,
        0.20167564332734889
      ],
      "sig": true
    },
    "C2-C0": {
      "delta": 0.19628964691801318,
      "ci95": [
        0.1717534410532615,
        0.22082585278276481
      ],
      "sig": true
    }
  }
}