{
  "config": {
    "pool_size": 540,
    "n_eval": 1671,
    "gold_out_of_pool": 0,
    "topk": 540,
    "device": "cpu",
    "embedder": "BAAI/bge-large-en-v1.5",
    "collection": "plain_markdown_bge_large_en_v1_5",
    "protocol": "DTR R@k (Herzig et al. NAACL 2021); HiTab dev; binary single-gold nDCG",
    "method": "HPIR expand_for_retrieval (header-path query expansion)"
  },
  "overall": {
    "dense": {
      "r1": 0.6163973668461998,
      "r5": 0.8360263315380012,
      "mrr": 0.7144287582903832,
      "ndcg": 0.7537332486233908
    },
    "dense_hpir": {
      "r1": 0.5936564931178935,
      "r5": 0.7965290245362059,
      "mrr": 0.6894006694798481,
      "ndcg": 0.7277902785704088
    },
    "keyword": {
      "r1": 0.6463195691202872,
      "r5": 0.8683423099940155,
      "mrr": 0.744994357191372,
      "ndcg": 0.7844836413275673
    },
    "keyword_hpir": {
      "r1": 0.6277678037103531,
      "r5": 0.8569718731298623,
      "mrr": 0.7260131856518398,
      "ndcg": 0.7664002855379747
    }
  },
  "paired": {
    "dense_vs_dense_hpir": {
      "r1": {
        "delta": -0.022740873728306403,
        "ci": [
          -0.04009575104727708,
          -0.006582884500299222
        ],
        "sig": true
      },
      "r5": {
        "delta": -0.03949730700179533,
        "ci": [
          -0.05326152004787552,
          -0.02573309395571514
        ],
        "sig": true
      },
      "mrr": {
        "delta": -0.02502808881053519,
        "ci": [
          -0.036146204431433224,
          -0.014510375872261646
        ],
        "sig": true
      },
      "ndcg": {
        "delta": -0.025942970052981913,
        "ci": [
          -0.035701261532596305,
          -0.01661830770120039
        ],
        "sig": true
      },
      "mcnemar_r1": {
        "hpir_better": 84,
        "raw_better": 122,
        "p": 0.009769982885939268
      }
    },
    "keyword_vs_keyword_hpir": {
      "r1": {
        "delta": -0.01855176540993417,
        "ci": [
          -0.03231597845601436,
          -0.005385996409335727
        ],
        "sig": true
      },
      "r5": {
        "delta": -0.011370436864153202,
        "ci": [
          -0.02154398563734291,
          -0.0011968880909634949
        ],
        "sig": true
      },
      "mrr": {
        "delta": -0.018981171539532108,
        "ci": [
          -0.028234577428477754,
          -0.01023417895673613
        ],
        "sig": true
      },
      "ndcg": {
        "delta": -0.01808335578959246,
        "ci": [
          -0.026172783385869546,
          -0.010273786044281136
        ],
        "sig": true
      },
      "mcnemar_r1": {
        "hpir_better": 48,
        "raw_better": 79,
        "p": 0.007519595098399993
      }
    }
  },
  "by_class": {
    "arithmetic_agg": {
      "dense_r1": 0.539568345323741,
      "dense_hpir_r1": 0.5539568345323741,
      "n": 139
    },
    "comparison_or_count": {
      "dense_r1": 0.8518518518518519,
      "dense_hpir_r1": 0.7777777777777778,
      "n": 54
    },
    "multi_op_formula": {
      "dense_r1": 0.40540540540540543,
      "dense_hpir_r1": 0.4864864864864865,
      "n": 37
    },
    "pair_or_topk_arg": {
      "dense_r1": 0.7124183006535948,
      "dense_hpir_r1": 0.6928104575163399,
      "n": 153
    },
    "simple_lookup": {
      "dense_r1": 0.6033472803347281,
      "dense_hpir_r1": 0.5740585774058578,
      "n": 1195
    },
    "single_arg": {
      "dense_r1": 0.6881720430107527,
      "dense_hpir_r1": 0.6774193548387096,
      "n": 93
    }
  }
}