{
  "records": "results/operand_collision_multihiertt_n300_records.jsonl",
  "n_rows": 7794,
  "retrievers": [
    "bm25",
    "dense",
    "hybrid"
  ],
  "flat_colliding_vs_unique_mannwhitney": {
    "bm25": {
      "n_colliding": 314,
      "n_unique": 552,
      "median_colliding": 529.0,
      "median_unique": 36.0,
      "U": 118287.0,
      "p_one_sided_greater": 1.9544512726401894e-19
    },
    "dense": {
      "n_colliding": 314,
      "n_unique": 552,
      "median_colliding": 222.5,
      "median_unique": 45.0,
      "U": 108987.0,
      "p_one_sided_greater": 1.395745920432494e-10
    },
    "hybrid": {
      "n_colliding": 314,
      "n_unique": 552,
      "median_colliding": 264.5,
      "median_unique": 14.0,
      "U": 117083.5,
      "p_one_sided_greater": 3.9521277197550905e-18
    }
  },
  "colliding_flat_to_scheme_wilcoxon": {
    "bm25/flat->S2": {
      "n_pairs": 314,
      "median_flat": 529.0,
      "median_alt": 98.5,
      "improved": 162,
      "worsened": 142,
      "W": 23796.5,
      "p_one_sided": 0.3438662495794569
    },
    "bm25/flat->S3": {
      "n_pairs": 314,
      "median_flat": 529.0,
      "median_alt": 113.0,
      "improved": 171,
      "worsened": 136,
      "W": 25540.5,
      "p_one_sided": 0.11093043128842506
    },
    "dense/flat->S2": {
      "n_pairs": 314,
      "median_flat": 222.5,
      "median_alt": 107.0,
      "improved": 170,
      "worsened": 134,
      "W": 28349.5,
      "p_one_sided": 0.0003754708368314273
    },
    "dense/flat->S3": {
      "n_pairs": 314,
      "median_flat": 222.5,
      "median_alt": 98.0,
      "improved": 174,
      "worsened": 134,
      "W": 29588.0,
      "p_one_sided": 0.00010577398556387487
    },
    "hybrid/flat->S2": {
      "n_pairs": 314,
      "median_flat": 264.5,
      "median_alt": 62.5,
      "improved": 163,
      "worsened": 125,
      "W": 22919.5,
      "p_one_sided": 0.06775753065617976
    },
    "hybrid/flat->S3": {
      "n_pairs": 314,
      "median_flat": 264.5,
      "median_alt": 48.5,
      "improved": 182,
      "worsened": 121,
      "W": 28623.5,
      "p_one_sided": 0.00012312549216392333
    }
  },
  "all_covered_flip_binomial": {
    "bm25/flat->S2@10": {
      "n_queries": 293,
      "flat_covered": 71,
      "alt_covered": 93,
      "gain": 24,
      "loss": 2,
      "p_two_sided": 1.049041748046875e-05,
      "p_one_sided_gain": 5.245208740234375e-06
    },
    "bm25/flat->S2@20": {
      "n_queries": 293,
      "flat_covered": 87,
      "alt_covered": 108,
      "gain": 28,
      "loss": 7,
      "p_two_sided": 0.0005082604475319386,
      "p_one_sided_gain": 0.0002541302237659693
    },
    "bm25/flat->S2@50": {
      "n_queries": 293,
      "flat_covered": 116,
      "alt_covered": 145,
      "gain": 38,
      "loss": 9,
      "p_two_sided": 2.4904030624384174e-05,
      "p_one_sided_gain": 1.2452015312192087e-05
    },
    "bm25/flat->S3@10": {
      "n_queries": 293,
      "flat_covered": 71,
      "alt_covered": 91,
      "gain": 24,
      "loss": 4,
      "p_two_sided": 0.00017999112606048584,
      "p_one_sided_gain": 8.999556303024292e-05
    },
    "bm25/flat->S3@20": {
      "n_queries": 293,
      "flat_covered": 87,
      "alt_covered": 112,
      "gain": 31,
      "loss": 6,
      "p_two_sided": 4.12575900554657e-05,
      "p_one_sided_gain": 2.062879502773285e-05
    },
    "bm25/flat->S3@50": {
      "n_queries": 293,
      "flat_covered": 116,
      "alt_covered": 142,
      "gain": 37,
      "loss": 11,
      "p_two_sided": 0.0002222449626216872,
      "p_one_sided_gain": 0.0001111224813108436
    },
    "dense/flat->S2@10": {
      "n_queries": 293,
      "flat_covered": 68,
      "alt_covered": 78,
      "gain": 17,
      "loss": 7,
      "p_two_sided": 0.06391465663909912,
      "p_one_sided_gain": 0.03195732831954956
    },
    "dense/flat->S2@20": {
      "n_queries": 293,
      "flat_covered": 91,
      "alt_covered": 97,
      "gain": 17,
      "loss": 11,
      "p_two_sided": 0.34492845088243484,
      "p_one_sided_gain": 0.17246422544121742
    },
    "dense/flat->S2@50": {
      "n_queries": 293,
      "flat_covered": 112,
      "alt_covered": 128,
      "gain": 24,
      "loss": 8,
      "p_two_sided": 0.0070003666914999485,
      "p_one_sided_gain": 0.0035001833457499743
    },
    "dense/flat->S3@10": {
      "n_queries": 293,
      "flat_covered": 68,
      "alt_covered": 70,
      "gain": 17,
      "loss": 15,
      "p_two_sided": 0.860050065908581,
      "p_one_sided_gain": 0.4300250329542905
    },
    "dense/flat->S3@20": {
      "n_queries": 293,
      "flat_covered": 91,
      "alt_covered": 92,
      "gain": 20,
      "loss": 19,
      "p_two_sided": 1.0,
      "p_one_sided_gain": 0.5000000000000002
    },
    "dense/flat->S3@50": {
      "n_queries": 293,
      "flat_covered": 112,
      "alt_covered": 120,
      "gain": 28,
      "loss": 20,
      "p_two_sided": 0.31232680747326935,
      "p_one_sided_gain": 0.15616340373663468
    },
    "hybrid/flat->S2@10": {
      "n_queries": 293,
      "flat_covered": 93,
      "alt_covered": 102,
      "gain": 17,
      "loss": 8,
      "p_two_sided": 0.10775214433670044,
      "p_one_sided_gain": 0.05387607216835022
    },
    "hybrid/flat->S2@20": {
      "n_queries": 293,
      "flat_covered": 109,
      "alt_covered": 125,
      "gain": 20,
      "loss": 4,
      "p_two_sided": 0.001543879508972168,
      "p_one_sided_gain": 0.000771939754486084
    },
    "hybrid/flat->S2@50": {
      "n_queries": 293,
      "flat_covered": 141,
      "alt_covered": 161,
      "gain": 27,
      "loss": 7,
      "p_two_sided": 0.0008213953115046024,
      "p_one_sided_gain": 0.0004106976557523012
    },
    "hybrid/flat->S3@10": {
      "n_queries": 293,
      "flat_covered": 93,
      "alt_covered": 100,
      "gain": 17,
      "loss": 10,
      "p_two_sided": 0.24778856337070465,
      "p_one_sided_gain": 0.12389428168535233
    },
    "hybrid/flat->S3@20": {
      "n_queries": 293,
      "flat_covered": 109,
      "alt_covered": 128,
      "gain": 27,
      "loss": 8,
      "p_two_sided": 0.0018782254774123432,
      "p_one_sided_gain": 0.0009391127387061716
    },
    "hybrid/flat->S3@50": {
      "n_queries": 293,
      "flat_covered": 141,
      "alt_covered": 163,
      "gain": 29,
      "loss": 7,
      "p_two_sided": 0.00031255115754902363,
      "p_one_sided_gain": 0.00015627557877451181
    }
  }
}