{
  "config": {
    "pool_size": 540,
    "n_eval": 1671,
    "gold_out_of_pool": 0,
    "vdb_pool_coverage": 1.0,
    "w_num": 0.4,
    "topk": 540,
    "protocol": "DTR R@k (Herzig et al. NAACL 2021); HiTab dev; binary single-gold nDCG (Jarvelin & Kekalainen 2002)",
    "embedder": "BAAI/bge-large-en-v1.5",
    "collection": "plain_markdown_bge_large_en_v1_5"
  },
  "overall": {
    "structural_full": {
      "r1": 0.5026929982046678,
      "r5": 0.7043686415320167,
      "mrr": 0.5936264497906342,
      "ndcg": 0.6271483716515815
    },
    "structural_h0": {
      "r1": 0.6409335727109515,
      "r5": 0.8611609814482346,
      "mrr": 0.737449098582238,
      "ndcg": 0.777687635038348
    },
    "keyword": {
      "r1": 0.6463195691202872,
      "r5": 0.8683423099940155,
      "mrr": 0.744994357191372,
      "ndcg": 0.7844836413275673
    },
    "vdb": {
      "r1": 0.6175942549371634,
      "r5": 0.8366247755834829,
      "mrr": 0.7153264243586058,
      "ndcg": 0.7545525605602121
    }
  },
  "paired": {
    "vdb_vs_structural_full": {
      "r1": {
        "delta": -0.11490125673249552,
        "ci": [
          -0.14542190305206462,
          -0.08557749850388989
        ],
        "sig": true
      },
      "r5": {
        "delta": -0.1322561340514662,
        "ci": [
          -0.15798922800718132,
          -0.1059245960502693
        ],
        "sig": true
      },
      "mrr": {
        "delta": -0.12169997456797171,
        "ci": [
          -0.1463633196202972,
          -0.09729778946958095
        ],
        "sig": true
      },
      "ndcg": {
        "delta": -0.1274041889086306,
        "ci": [
          -0.15111398033818532,
          -0.10367487380069167
        ],
        "sig": true
      },
      "mcnemar_r1": {
        "b_better": 263,
        "a_better": 455,
        "p": 7.480373814422537e-13
      }
    },
    "keyword_vs_structural_full": {
      "r1": {
        "delta": -0.1436265709156194,
        "ci": [
          -0.1663674446439258,
          -0.12088569718731298
        ],
        "sig": true
      },
      "r5": {
        "delta": -0.1639736684619988,
        "ci": [
          -0.1855176540993417,
          -0.14183123877917414
        ],
        "sig": true
      },
      "mrr": {
        "delta": -0.15136790740073766,
        "ci": [
          -0.170510416170609,
          -0.13306834716038685
        ],
        "sig": true
      },
      "ndcg": {
        "delta": -0.15733526967598566,
        "ci": [
          -0.17596354405045112,
          -0.1394941799228332
        ],
        "sig": true
      },
      "mcnemar_r1": {
        "b_better": 87,
        "a_better": 327,
        "p": 8.559540298501951e-34
      }
    },
    "structural_h0_vs_structural_full": {
      "r1": {
        "delta": -0.13824057450628366,
        "ci": [
          -0.1603830041891083,
          -0.11609814482345901
        ],
        "sig": true
      },
      "r5": {
        "delta": -0.15679233991621783,
        "ci": [
          -0.17893476959904248,
          -0.13524835427887494
        ],
        "sig": true
      },
      "mrr": {
        "delta": -0.14382264879160372,
        "ci": [
          -0.16288284986087134,
          -0.12574798158920725
        ],
        "sig": true
      },
      "ndcg": {
        "delta": -0.1505392633867665,
        "ci": [
          -0.16918744208256992,
          -0.13271157146215526
        ],
        "sig": true
      },
      "mcnemar_r1": {
        "b_better": 79,
        "a_better": 310,
        "p": 1.9208307279844768e-33
      }
    }
  },
  "by_class": {
    "arithmetic_agg": {
      "structural_full_r1": 0.35251798561151076,
      "vdb_r1": 0.539568345323741,
      "n": 139
    },
    "comparison_or_count": {
      "structural_full_r1": 0.3888888888888889,
      "vdb_r1": 0.8518518518518519,
      "n": 54
    },
    "multi_op_formula": {
      "structural_full_r1": 0.1891891891891892,
      "vdb_r1": 0.40540540540540543,
      "n": 37
    },
    "pair_or_topk_arg": {
      "structural_full_r1": 0.6143790849673203,
      "vdb_r1": 0.7124183006535948,
      "n": 153
    },
    "simple_lookup": {
      "structural_full_r1": 0.5246861924686193,
      "vdb_r1": 0.605020920502092,
      "n": 1195
    },
    "single_arg": {
      "structural_full_r1": 0.45161290322580644,
      "vdb_r1": 0.6881720430107527,
      "n": 93
    }
  }
}